SessionName,SampleID,PatientID,Barcode,Locus,FinalAssignmentAllele1,FinalAssignmentAllele2,LocusUserComments,Allele1CodeAssignment,Allele2CodeAssignment,AnalysisBy,AnalysisDate,ConfirmedBy,ConfirmDate,OverallUserComments
241020222,2140430,,002,A,03:01:01,32:01:01,,,,1,2022-11-09,1,2022-11-09,
241020222,2140430,,002,B,07:02:01,08:01:01,,,,1,2022-11-09,1,2022-11-09,
241020222,2140430,,002,C,07:01:01,07:02:01,,,,1,2022-11-09,1,2022-11-09,
241020222,2140430,,002,DRB1,03:01:01,15:01:01,,,,1,2022-11-09,1,2022-11-09,
241020222,2140430,,002,DRB345,3*01:01:02,5*01:01:01,,,,1,2022-11-09,1,2022-11-09,
241020222,2140430,,002,DQA1,01:02:01,05:01:01,,,,1,2022-11-09,1,2022-11-09,
241020222,2140430,,002,DQB1,02:01:01,06:02:01,,,,1,2022-11-09,1,2022-11-09,
241020222,2140430,,002,DPA1,01:03:01G,02:01:02G,,,,1,2022-11-09,1,2022-11-09,
241020222,2140430,,002,DPB1,01:01:01G,04:01:01G,,,,1,2022-11-09,1,2022-11-09,
241020222,2140437,,003,A,03:01:01,24:02:01,,,,1,2022-11-09,1,2022-11-09,
241020222,2140437,,003,B,07:02:01,35:01:01,,,,1,2022-11-09,1,2022-11-09,
241020222,2140437,,003,C,04:01:01,07:02:01,,,,1,2022-11-09,1,2022-11-09,
241020222,2140437,,003,DRB1,01:01:01,15:01:01,,,,1,2022-11-09,1,2022-11-09,
241020222,2140437,,003,DRB345,5*01:01:01,,,,,1,2022-11-09,1,2022-11-09,
241020222,2140437,,003,DQA1,01:01:01,01:02:01,,,,1,2022-11-09,1,2022-11-09,
241020222,2140437,,003,DQB1,05:01:01,06:02:01,,,,1,2022-11-09,1,2022-11-09,
241020222,2140437,,003,DPA1,01:03:01G,02:01:01G,,,,1,2022-11-09,1,2022-11-09,
241020222,2140437,,003,DPB1,04:01:01G,09:01:01G,,,,1,2022-11-09,1,2022-11-09,
241020222,2140451,,004,A,03:01:01,,,,,1,2022-11-09,1,2022-11-09,
241020222,2140451,,004,B,51:01:01,,,,,1,2022-11-09,1,2022-11-09,
241020222,2140451,,004,C,01:02:01,,,,,1,2022-11-09,1,2022-11-09,
241020222,2140451,,004,DRB1,11:01:01,15:01:01,,,,1,2022-11-09,1,2022-11-09,
241020222,2140451,,004,DRB345,3*02:02:01,5*01:01:01,,,,1,2022-11-09,1,2022-11-09,
241020222,2140451,,004,DQA1,01:02:01,05:05:01,,,,1,2022-11-09,1,2022-11-09,
241020222,2140451,,004,DQB1,03:01:01,06:02:01,,,,1,2022-11-09,1,2022-11-09,
241020222,2140451,,004,DPA1,01:03:01G,02:02:02G,,,,1,2022-11-09,1,2022-11-09,
241020222,2140451,,004,DPB1,04:01:01G,05:01:01G,,,,1,2022-11-09,1,2022-11-09,
241020222,2140458,,005,A,03:01:01G,30:01:01G,,,,1,2022-11-09,1,2022-11-09,
241020222,2140458,,005,B,13:02:01,47:01:01,,,,1,2022-11-09,1,2022-11-09,
241020222,2140458,,005,C,06:02:01,,,,,1,2022-11-09,1,2022-11-09,
241020222,2140458,,005,DRB1,04:01:01,11:04:01,,,,1,2022-11-09,1,2022-11-09,
241020222,2140458,,005,DRB345,3*02:02:01,4*01:03:01,,,,1,2022-11-09,1,2022-11-09,
241020222,2140458,,005,DQA1,03:01:01,05:05:01,,,,1,2022-11-09,1,2022-11-09,
241020222,2140458,,005,DQB1,03:01:01,03:02:01,,,,1,2022-11-09,1,2022-11-09,
241020222,2140458,,005,DPA1,01:03:01G,01:03:01G,,,,1,2022-11-09,1,2022-11-09,
241020222,2140458,,005,DPB1,04:01:01G,04:02:01G,,,,1,2022-11-09,1,2022-11-09,
241020222,2140461,,006,A,02:01:01,25:01:01,,,,1,2022-11-09,1,2022-11-09,
241020222,2140461,,006,B,18:03:01,35:01:01,,,,1,2022-11-09,1,2022-11-09,
241020222,2140461,,006,C,04:01:01,07:01:01,,,,1,2022-11-09,1,2022-11-09,
241020222,2140461,,006,DRB1,01:01:01,11:04:01,,,,1,2022-11-09,1,2022-11-09,
241020222,2140461,,006,DRB345,3*02:02:01,3*02:02:01,,,,1,2022-11-09,1,2022-11-09,
241020222,2140461,,006,DQA1,01:01:01,05:05:01,,,,1,2022-11-09,1,2022-11-09,
241020222,2140461,,006,DQB1,03:01:01,05:01:01,,,,1,2022-11-09,1,2022-11-09,
241020222,2140461,,006,DPA1,01:03:01G,,,,,1,2022-11-09,1,2022-11-09,
241020222,2140461,,006,DPB1,04:02:01G,04:02:01G,,,,1,2022-11-09,1,2022-11-09,
241020222,2140462,,007,A,01:01:01,23:01:01,,,,1,2022-11-09,1,2022-11-09,
241020222,2140462,,007,B,08:01:01,44:03:01,,,,1,2022-11-09,1,2022-11-09,
241020222,2140462,,007,C,04:01:01,07:01:01,,,,1,2022-11-09,1,2022-11-09,
241020222,2140462,,007,DRB1,03:01:01,07:01:01,,,,1,2022-11-09,1,2022-11-09,
241020222,2140462,,007,DRB345,3*01:01:02,4*01:01:01,,,,1,2022-11-09,1,2022-11-09,
241020222,2140462,,007,DQA1,02:01:01,05:01:01,,,,1,2022-11-09,1,2022-11-09,
241020222,2140462,,007,DQB1,02:01:01,02:02:01,,,,1,2022-11-09,1,2022-11-09,
241020222,2140462,,007,DPA1,01:03:01G,01:03:01G,,,,1,2022-11-09,1,2022-11-09,
241020222,2140462,,007,DPB1,02:01:02G,04:02:01G,,,,1,2022-11-09,1,2022-11-09,
241020222,2140463,,008,A,01:01:01,02:01:01,,,,1,2022-11-09,1,2022-11-09,
241020222,2140463,,008,B,08:01:01,44:02:01,,,,1,2022-11-09,1,2022-11-09,
241020222,2140463,,008,C,05:01:01,07:01:01,,,,1,2022-11-09,1,2022-11-09,
241020222,2140463,,008,DRB1,01:01:01,13:01:01,,,,1,2022-11-09,1,2022-11-09,
241020222,2140463,,008,DRB345,3*01:01:02,3*01:01:02,,,,1,2022-11-09,1,2022-11-09,
241020222,2140463,,008,DQA1,01:01:01,01:03:01,,,,1,2022-11-09,1,2022-11-09,
241020222,2140463,,008,DQB1,05:01:01,06:03:01,,,,1,2022-11-09,1,2022-11-09,
241020222,2140463,,008,DPA1,01:03:01G,01:03:01G,,,,1,2022-11-09,1,2022-11-09,
241020222,2140463,,008,DPB1,04:01:01G,04:01:01G,,,,1,2022-11-09,1,2022-11-09,
241020222,2140464,,009,A,02:01:01,26:01:01,,,,1,2022-11-09,1,2022-11-09,
241020222,2140464,,009,B,35:02:01,55:01:01,,,,1,2022-11-09,1,2022-11-09,
241020222,2140464,,009,C,03:03:01,06:02:01,,,,1,2022-11-09,1,2022-11-09,
241020222,2140464,,009,DRB1,11:03:01,11:04,,,,1,2022-11-09,1,2022-11-09,
241020222,2140464,,009,DRB345,3*02:02:01,3*02:02:01,,,,1,2022-11-09,1,2022-11-09,
241020222,2140464,,009,DQA1,05:05:01,,,,,1,2022-11-09,1,2022-11-09,
241020222,2140464,,009,DQB1,03:01:01,03:01:01,,,,1,2022-11-09,1,2022-11-09,
241020222,2140464,,009,DPA1,01:03:01G,01:03:04,,,,1,2022-11-09,1,2022-11-09,
241020222,2140464,,009,DPB1,02:01:02G,04:02:01G,,,,1,2022-11-09,1,2022-11-09,
241020222,2140465,,010,A,01:01:01,02:01:01,,,,1,2022-11-09,1,2022-11-09,
241020222,2140465,,010,B,08:01:01,49:01:01,,,,1,2022-11-09,1,2022-11-09,
241020222,2140465,,010,C,07:01:01,,,,,1,2022-11-09,1,2022-11-09,
241020222,2140465,,010,DRB1,03:01:01,15:01:01,,,,1,2022-11-09,1,2022-11-09,
241020222,2140465,,010,DRB345,3*01:01:02,5*01:01:01,,,,1,2022-11-09,1,2022-11-09,
241020222,2140465,,010,DQA1,01:02:01,05:01:01,,,,1,2022-11-09,1,2022-11-09,
241020222,2140465,,010,DQB1,02:01:01,06:02:01,,,,1,2022-11-09,1,2022-11-09,
241020222,2140465,,010,DPA1,01:03:01G,01:03:01G,,,,1,2022-11-09,1,2022-11-09,
241020222,2140465,,010,DPB1,02:01:02G,04:01:01G,,,,1,2022-11-09,1,2022-11-09,
241020222,2140467,,011,A,01:01:01,,,,,1,2022-11-09,1,2022-11-09,
241020222,2140467,,011,B,08:01:01,,,,,1,2022-11-09,1,2022-11-09,
241020222,2140467,,011,C,07:01:01,,,,,1,2022-11-09,1,2022-11-09,
241020222,2140467,,011,DRB1,03:01:01,07:01:01,,,,1,2022-11-09,1,2022-11-09,
241020222,2140467,,011,DRB345,3*01:01:02,4*01:01:01,,,,1,2022-11-09,1,2022-11-09,
241020222,2140467,,011,DQA1,02:01:01,05:01:01,,,,1,2022-11-09,1,2022-11-09,
241020222,2140467,,011,DQB1,02:01:01,02:02:01,,,,1,2022-11-09,1,2022-11-09,
241020222,2140467,,011,DPA1,01:03:01G,01:03:01G,,,,1,2022-11-09,1,2022-11-09,
241020222,2140467,,011,DPB1,04:02:01G,,,,,1,2022-11-09,1,2022-11-09,
241020222,2140468,,012,A,02:01:01,29:02:01,,,,1,2022-11-09,1,2022-11-09,
241020222,2140468,,012,B,15:01:01,44:03:01,,,,1,2022-11-09,1,2022-11-09,
241020222,2140468,,012,C,01:02:01,16:01:01,,,,1,2022-11-09,1,2022-11-09,
241020222,2140468,,012,DRB1,07:01:01,,,,,1,2022-11-09,1,2022-11-09,
241020222,2140468,,012,DRB345,4*01:01:01,,,,,1,2022-11-09,1,2022-11-09,
241020222,2140468,,012,DQA1,02:01:01,,,,,1,2022-11-09,1,2022-11-09,
241020222,2140468,,012,DQB1,02:02:01,,,,,1,2022-11-09,1,2022-11-09,
241020222,2140468,,012,DPA1,01:03:01G,02:01:01G,,,,1,2022-11-09,1,2022-11-09,
241020222,2140468,,012,DPB1,04:01:01G,11:01:01G,,,,1,2022-11-09,1,2022-11-09,
241020222,2140469,,013,A,01:01:01,24:02:01,,,,1,2022-11-09,1,2022-11-09,
241020222,2140469,,013,B,08:01:01,18:01:01,,,,1,2022-11-09,1,2022-11-09,
241020222,2140469,,013,C,07:01:01,,,,,1,2022-11-09,1,2022-11-09,
241020222,2140469,,013,DRB1,03:01:01,12:01:01,,,,1,2022-11-09,1,2022-11-09,
241020222,2140469,,013,DRB345,3*01:01:02,3*02:02:01,,,,1,2022-11-09,1,2022-11-09,
241020222,2140469,,013,DQA1,05:01:01,05:05:01,,,,1,2022-11-09,1,2022-11-09,
241020222,2140469,,013,DQB1,02:01:01,03:01:01,,,,1,2022-11-09,1,2022-11-09,
241020222,2140469,,013,DPA1,01:03:01G,02:01:02G,,,,1,2022-11-09,1,2022-11-09,
241020222,2140469,,013,DPB1,01:01:01G,02:01:02G,,,,1,2022-11-09,1,2022-11-09,
241020222,2140480,,014,A,01:01:01,30:01:01,,,,1,2022-11-09,1,2022-11-09,
241020222,2140480,,014,B,08:01:01,13:02:01,,,,1,2022-11-09,1,2022-11-09,
241020222,2140480,,014,C,06:02:01,07:01:01,,,,1,2022-11-09,1,2022-11-09,
241020222,2140480,,014,DRB1,03:01:01,07:01:01,,,,1,2022-11-09,1,2022-11-09,
241020222,2140480,,014,DRB345,3*01:01:02,4*01:03:01,,,,1,2022-11-09,1,2022-11-09,
241020222,2140480,,014,DQA1,02:01:01,05:01:01,,,,1,2022-11-09,1,2022-11-09,
241020222,2140480,,014,DQB1,02:01:01,02:02:01,,,,1,2022-11-09,1,2022-11-09,
241020222,2140480,,014,DPA1,01:03:01G,01:03:01G,,,,1,2022-11-09,1,2022-11-09,
241020222,2140480,,014,DPB1,04:01:01G,,,,,1,2022-11-09,1,2022-11-09,
241020222,2140481,,015,A,11:01:01,25:01:01,,,,1,2022-11-09,1,2022-11-09,
241020222,2140481,,015,B,35:03:01,45:01:01,,,,1,2022-11-09,1,2022-11-09,
241020222,2140481,,015,C,06:02:01,12:03:01,,,,1,2022-11-09,1,2022-11-09,
241020222,2140481,,015,DRB1,13:01:01,,,,,1,2022-11-09,1,2022-11-09,
241020222,2140481,,015,DRB345,3*01:01:02,3*02:02:01,,,,1,2022-11-09,1,2022-11-09,
241020222,2140481,,015,DQA1,01:03:01,,,,,1,2022-11-09,1,2022-11-09,
241020222,2140481,,015,DQB1,06:03:01,,,,,1,2022-11-09,1,2022-11-09,
241020222,2140481,,015,DPA1,01:03:01G,01:03:01G,,,,1,2022-11-09,1,2022-11-09,
241020222,2140481,,015,DPB1,03:01:01G,04:01:01G,,,,1,2022-11-09,1,2022-11-09,
241020222,2140482,,016,A,02:01:01,11:01:01,,,,1,2022-11-09,1,2022-11-09,
241020222,2140482,,016,B,07:02:01,51:01:01,,,,1,2022-11-09,1,2022-11-09,
241020222,2140482,,016,C,07:02:01,15:02:01,,,,1,2022-11-09,1,2022-11-09,
241020222,2140482,,016,DRB1,15:01:01,,,,,1,2022-11-09,1,2022-11-09,
241020222,2140482,,016,DRB345,5*01:01:01,,,,,1,2022-11-09,1,2022-11-09,
241020222,2140482,,016,DQA1,01:02:01,,,,,1,2022-11-09,1,2022-11-09,
241020222,2140482,,016,DQB1,06:02:01,,,,,1,2022-11-09,1,2022-11-09,
241020222,2140482,,016,DPA1,01:03:01G,01:03:01G,,,,1,2022-11-09,1,2022-11-09,
241020222,2140482,,016,DPB1,04:01:01G,04:02:01G,,,,1,2022-11-09,1,2022-11-09,
241020222,2140483,,017,A,03:01:01,11:01:01,,,,1,2022-11-09,1,2022-11-09,
241020222,2140483,,017,B,44:05:01,55:01:01,,,,1,2022-11-09,1,2022-11-09,
241020222,2140483,,017,C,02:02:02,03:03:01,,,,1,2022-11-09,1,2022-11-09,
241020222,2140483,,017,DRB1,14:54:01,15:01:01,,,,1,2022-11-09,1,2022-11-09,
241020222,2140483,,017,DRB345,3*02:02:01,5*01:01:01,,,,1,2022-11-09,1,2022-11-09,
241020222,2140483,,017,DQA1,01:02:01,01:04:01,,,,1,2022-11-09,1,2022-11-09,
241020222,2140483,,017,DQB1,05:03:01,06:03:01,,,,1,2022-11-09,1,2022-11-09,
241020222,2140483,,017,DPA1,01:03:01G,02:01:01G,,,,1,2022-11-09,1,2022-11-09,
241020222,2140483,,017,DPB1,04:01:01G,14:01:01G,,,,1,2022-11-09,1,2022-11-09,
241020222,2140484,,018,A,02:01:01,23:01:01,,,,1,2022-11-09,1,2022-11-09,
241020222,2140484,,018,B,44:02:01,44:03:01,,,,1,2022-11-09,1,2022-11-09,
241020222,2140484,,018,C,04:01:01,05:01:01,,,,1,2022-11-09,1,2022-11-09,
241020222,2140484,,018,DRB1,01:02:01,07:01:01,,,,1,2022-11-09,1,2022-11-09,
241020222,2140484,,018,DRB345,4*01:01:01,,,,,1,2022-11-09,1,2022-11-09,
241020222,2140484,,018,DQA1,01:01:02,02:01:01,,,,1,2022-11-09,1,2022-11-09,
241020222,2140484,,018,DQB1,02:02:01,05:01:01,,,,1,2022-11-09,1,2022-11-09,
241020222,2140484,,018,DPA1,01:03:01G,,,,,1,2022-11-09,1,2022-11-09,
241020222,2140484,,018,DPB1,04:01:01G,04:01:01G,,,,1,2022-11-09,1,2022-11-09,
241020222,2140485,,019,A,02:35:01,24:02:01,,,,1,2022-11-09,1,2022-11-09,
241020222,2140485,,019,B,08:01:01,15:01:01,,,,1,2022-11-09,1,2022-11-09,
241020222,2140485,,019,C,03:03:01,07:01:01,,,,1,2022-11-09,1,2022-11-09,
241020222,2140485,,019,DRB1,03:01:01,11:03:01,,,,1,2022-11-09,1,2022-11-09,
241020222,2140485,,019,DRB345,3*01:01:02,3*02:02:01,,,,1,2022-11-09,1,2022-11-09,
241020222,2140485,,019,DQA1,05:01:01,05:05:01,,,,1,2022-11-09,1,2022-11-09,
241020222,2140485,,019,DQB1,02:01:01,03:01:01,,,,1,2022-11-09,1,2022-11-09,
241020222,2140485,,019,DPA1,01:03:01G,01:03:01G,,,,1,2022-11-09,1,2022-11-09,
241020222,2140485,,019,DPB1,04:01:01G,04:02:01G,,,,1,2022-11-09,1,2022-11-09,
241020222,2140487,,020,A,24:02:01,32:01:01,,,,1,2022-11-09,1,2022-11-09,
241020222,2140487,,020,B,38:01:01,44:03:01,,,,1,2022-11-09,1,2022-11-09,
241020222,2140487,,020,C,04:01:01,12:03:01,,,,1,2022-11-09,1,2022-11-09,
241020222,2140487,,020,DRB1,11:01:01,13:01:01,,,,1,2022-11-09,1,2022-11-09,
241020222,2140487,,020,DRB345,3*01:01:02,3*02:02:01,,,,1,2022-11-09,1,2022-11-09,
241020222,2140487,,020,DQA1,01:03:01,05:05:01,,,,1,2022-11-09,1,2022-11-09,
241020222,2140487,,020,DQB1,03:01:01,06:03:01,,,,1,2022-11-09,1,2022-11-09,
241020222,2140487,,020,DPA1,01:03:01G,01:03:32,,,,1,2022-11-09,1,2022-11-09,
241020222,2140487,,020,DPB1,03:01:01G,04:02:01G,,,,1,2022-11-09,1,2022-11-09,
241020222,2140488,,021,A,02:01:01,26:01:01,,,,1,2022-11-09,1,2022-11-09,
241020222,2140488,,021,B,35:03:01,44:02:01,,,,1,2022-11-09,1,2022-11-09,
241020222,2140488,,021,C,05:01:01,12:03:01,,,,1,2022-11-09,1,2022-11-09,
241020222,2140488,,021,DRB1,01:01:01,13:01:01,,,,1,2022-11-09,1,2022-11-09,
241020222,2140488,,021,DRB345,3*01:01:02,3*01:01:02,,,,1,2022-11-09,1,2022-11-09,
241020222,2140488,,021,DQA1,01:01:01,01:03:01,,,,1,2022-11-09,1,2022-11-09,
241020222,2140488,,021,DQB1,05:01:01,06:03:01,,,,1,2022-11-09,1,2022-11-09,
241020222,2140488,,021,DPA1,01:03:01G,,,,,1,2022-11-09,1,2022-11-09,
241020222,2140488,,021,DPB1,03:01:01G,,,,,1,2022-11-09,1,2022-11-09,
241020222,2140492,,022,A,01:01:01,03:01:01,,,,1,2022-11-09,1,2022-11-09,
241020222,2140492,,022,B,18:01:01,38:01:01,,,,1,2022-11-09,1,2022-11-09,
241020222,2140492,,022,C,07:01:01,12:03:01,,,,1,2022-11-09,1,2022-11-09,
241020222,2140492,,022,DRB1,03:01:01,07:01:01,,,,1,2022-11-09,1,2022-11-09,
241020222,2140492,,022,DRB345,3*01:01:02,4*01:01:01,,,,1,2022-11-09,1,2022-11-09,
241020222,2140492,,022,DQA1,02:01:01,05:01:01,,,,1,2022-11-09,1,2022-11-09,
241020222,2140492,,022,DQB1,02:01:01,02:02:01,,,,1,2022-11-09,1,2022-11-09,
241020222,2140492,,022,DPA1,01:03:01G,02:01:02G,,,,1,2022-11-09,1,2022-11-09,
241020222,2140492,,022,DPB1,01:01:01G,04:01:01G,,,,1,2022-11-09,1,2022-11-09,
241020222,2140494,,023,A,11:01:01,29:01:01,,,,1,2022-11-09,1,2022-11-09,
241020222,2140494,,023,B,44:03:01,51:01:01,,,,1,2022-11-09,1,2022-11-09,
241020222,2140494,,023,C,15:02:01,16:01:01,,,,1,2022-11-09,1,2022-11-09,
241020222,2140494,,023,DRB1,07:01:01,11:04:01,,,,1,2022-11-09,1,2022-11-09,
241020222,2140494,,023,DRB345,3*02:02:01,4*01:01:01,,,,1,2022-11-09,1,2022-11-09,
241020222,2140494,,023,DQA1,02:01:01,05:05:01,,,,1,2022-11-09,1,2022-11-09,
241020222,2140494,,023,DQB1,02:02:01,03:01:01,,,,1,2022-11-09,1,2022-11-09,
241020222,2140494,,023,DPA1,01:03:01G,01:03:01G,,,,1,2022-11-09,1,2022-11-09,
241020222,2140494,,023,DPB1,03:01:01G,04:01:01G,,,,1,2022-11-09,1,2022-11-09,
241020222,2140498,,024,A,03:01:01,32:01:01,,,,1,2022-11-09,1,2022-11-09,
241020222,2140498,,024,B,07:02:01,44:02:01,,,,1,2022-11-09,1,2022-11-09,
241020222,2140498,,024,C,05:01:01,07:02:01,,,,1,2022-11-09,1,2022-11-09,
241020222,2140498,,024,DRB1,11:01:01,13:02:01,,,,1,2022-11-09,1,2022-11-09,
241020222,2140498,,024,DRB345,3*02:02:01,3*03:01:01,,,,1,2022-11-09,1,2022-11-09,
241020222,2140498,,024,DQA1,01:02:01,05:05:01,,,,1,2022-11-09,1,2022-11-09,
241020222,2140498,,024,DQB1,03:01:01,06:04:01,,,,1,2022-11-09,1,2022-11-09,
241020222,2140498,,024,DPA1,01:03:01G,,,,,1,2022-11-09,1,2022-11-09,
241020222,2140498,,024,DPB1,04:01:01G,,,,,1,2022-11-09,1,2022-11-09,
241020222,2140502,,026,A,03:01:01G,11:01:01G,,,,1,2022-11-09,1,2022-11-09,
241020222,2140502,,026,B,07:02:01G,52:01:01G,,,,1,2022-11-09,1,2022-11-09,
241020222,2140502,,026,C,07:02:01,12:02:02,,,,1,2022-11-09,1,2022-11-09,
241020222,2140502,,026,DRB1,01:01:01,15:01:01,,,,1,2022-11-09,1,2022-11-09,
241020222,2140502,,026,DRB345,5*01:01:01,,,,,1,2022-11-09,1,2022-11-09,
241020222,2140502,,026,DQA1,01:01:01,01:02:01,,,,1,2022-11-09,1,2022-11-09,
241020222,2140502,,026,DQB1,05:01:01,06:02:01,,,,1,2022-11-09,1,2022-11-09,
241020222,2140502,,026,DPA1,01:03:01G,01:03:01G,,,,1,2022-11-09,1,2022-11-09,
241020222,2140502,,026,DPB1,03:01:01G,04:01:01G,,,,1,2022-11-09,1,2022-11-09,
241020222,2140503,,027,A,01:01:01,11:01:01,,,,1,2022-11-09,1,2022-11-09,
241020222,2140503,,027,B,08:01:01,55:01:01,,,,1,2022-11-09,1,2022-11-09,
241020222,2140503,,027,C,03:03:01,07:01:01,,,,1,2022-11-09,1,2022-11-09,
241020222,2140503,,027,DRB1,04:01:01,07:01:01,,,,1,2022-11-09,1,2022-11-09,
241020222,2140503,,027,DRB345,4*01:03:01,,,,,1,2022-11-09,1,2022-11-09,
241020222,2140503,,027,DQA1,02:01:01,03:01:01,,,,1,2022-11-09,1,2022-11-09,
241020222,2140503,,027,DQB1,02:02:01,03:02:01,,,,1,2022-11-09,1,2022-11-09,
241020222,2140503,,027,DPA1,01:03:01G/01:03:01:57,,,,,1,2022-11-09,1,2022-11-09,
241020222,2140503,,027,DPB1,04:01:01G,,,,,1,2022-11-09,1,2022-11-09,
241020222,2140504,,028,A,25:01:01,26:01:01G,,,,1,2022-11-09,1,2022-11-09,
241020222,2140504,,028,B,18:01:01,38:01:01,,,,1,2022-11-09,1,2022-11-09,
241020222,2140504,,028,C,12:03:01,,,,,1,2022-11-09,1,2022-11-09,
241020222,2140504,,028,DRB1,04:01:01,04:02:01,,,,1,2022-11-09,1,2022-11-09,
241020222,2140504,,028,DRB345,4*01:03:01,,,,,1,2022-11-09,1,2022-11-09,
241020222,2140504,,028,DQA1,03:01:01,,,,,1,2022-11-09,1,2022-11-09,
241020222,2140504,,028,DQB1,03:02:01,,,,,1,2022-11-09,1,2022-11-09,
241020222,2140504,,028,DPA1,01:03:01G,01:03:01G,,,,1,2022-11-09,1,2022-11-09,
241020222,2140504,,028,DPB1,03:01:01G,04:01:01G,,,,1,2022-11-09,1,2022-11-09,
241020222,2140505,,029,A,02:01:01,,,,,1,2022-11-09,1,2022-11-09,
241020222,2140505,,029,B,27:05:02,51:01:01,,,,1,2022-11-09,1,2022-11-09,
241020222,2140505,,029,C,02:02:02,04:01:01,,,,1,2022-11-09,1,2022-11-09,
241020222,2140505,,029,DRB1,04:04:01,08:01:01,,,,1,2022-11-09,1,2022-11-09,
241020222,2140505,,029,DRB345,4*01:03:01,,,,,1,2022-11-09,1,2022-11-09,
241020222,2140505,,029,DQA1,03:01:01,04:01:01,,,,1,2022-11-09,1,2022-11-09,
241020222,2140505,,029,DQB1,03:02:01,04:02:01,,,,1,2022-11-09,1,2022-11-09,
241020222,2140505,,029,DPA1,01:03:01G,01:03:01G,,,,1,2022-11-09,1,2022-11-09,
241020222,2140505,,029,DPB1,03:01:01G,04:01:01G,,,,1,2022-11-09,1,2022-11-09,
241020222,2140506,,030,A,11:01:01,24:02:01,,,,1,2022-11-09,1,2022-11-09,
241020222,2140506,,030,B,07:02:01,15:01:01,,,,1,2022-11-09,1,2022-11-09,
241020222,2140506,,030,C,04:01:01,07:02:01,,,,1,2022-11-09,1,2022-11-09,
241020222,2140506,,030,DRB1,08:01:01,15:01:01,,,,1,2022-11-09,1,2022-11-09,
241020222,2140506,,030,DRB345,5*01:01:01,,,,,1,2022-11-09,1,2022-11-09,
241020222,2140506,,030,DQA1,01:02:01,04:01:01,,,,1,2022-11-09,1,2022-11-09,
241020222,2140506,,030,DQB1,04:02:01,06:02:01,,,,1,2022-11-09,1,2022-11-09,
241020222,2140506,,030,DPA1,01:03:01G,01:03:01G,,,,1,2022-11-09,1,2022-11-09,
241020222,2140506,,030,DPB1,03:01:01G,04:01:01G,,,,1,2022-11-09,1,2022-11-09,
241020222,2140508,,031,A,02:01:01,23:01:01,,,,1,2022-11-09,1,2022-11-09,
241020222,2140508,,031,B,41:02:01,44:03:01,,,,1,2022-11-09,1,2022-11-09,
241020222,2140508,,031,C,04:01:01,17:03:01,,,,1,2022-11-09,1,2022-11-09,
241020222,2140508,,031,DRB1,07:01:01,13:03:01,,,,1,2022-11-09,1,2022-11-09,
241020222,2140508,,031,DRB345,3*01:01:02,4*01:01:01,,,,1,2022-11-09,1,2022-11-09,
241020222,2140508,,031,DQA1,02:01:01,05:03:01,,,,1,2022-11-09,1,2022-11-09,
241020222,2140508,,031,DQB1,02:02:01,03:01:01,,,,1,2022-11-09,1,2022-11-09,
241020222,2140508,,031,DPA1,01:03:01G,,,,,1,2022-11-09,1,2022-11-09,
241020222,2140508,,031,DPB1,04:02:01G,,,,,1,2022-11-09,1,2022-11-09,
241020222,2141148,,032,A,03:01:01G,11:01:01G,,,,1,2022-11-09,1,2022-11-09,
241020222,2141148,,032,B,35:03:01,45:01:01,,,,1,2022-11-09,1,2022-11-09,
241020222,2141148,,032,C,04:01:01,06:02:01,,,,1,2022-11-09,1,2022-11-09,
241020222,2141148,,032,DRB1,04:03:01,15:01:01,,,,1,2022-11-09,1,2022-11-09,
241020222,2141148,,032,DRB345,4*01:03:01,5*01:01:01,,,,1,2022-11-09,1,2022-11-09,
241020222,2141148,,032,DQA1,01:02:01,03:01:01,,,,1,2022-11-09,1,2022-11-09,
241020222,2141148,,032,DQB1,03:02:01,06:02:01,,,,1,2022-11-09,1,2022-11-09,
241020222,2141148,,032,DPA1,01:03:01G,,,,,1,2022-11-09,1,2022-11-09,
241020222,2141148,,032,DPB1,04:01:01G,03:01:01G,,,,1,2022-11-09,1,2022-11-09,
241020222,2141149,,033,A,24:02:01,29:02:01,,,,1,2022-11-09,1,2022-11-09,
241020222,2141149,,033,B,07:02:01,55:01:01,,,,1,2022-11-09,1,2022-11-09,
241020222,2141149,,033,C,03:03:01,07:02:01,,,,1,2022-11-09,1,2022-11-09,
241020222,2141149,,033,DRB1,15:01:01,,,,,1,2022-11-09,1,2022-11-09,
241020222,2141149,,033,DRB345,5*01:01:01,,,,,1,2022-11-09,1,2022-11-09,
241020222,2141149,,033,DQA1,01:02:01,,,,,1,2022-11-09,1,2022-11-09,
241020222,2141149,,033,DQB1,06:02:01,,,,,1,2022-11-09,1,2022-11-09,
241020222,2141149,,033,DPA1,01:03:01G,01:03:01G,,,,1,2022-11-09,1,2022-11-09,
241020222,2141149,,033,DPB1,03:01:01G,04:01:01G,,,,1,2022-11-09,1,2022-11-09,
241020222,2141150,,034,A,03:01:01,29:02:01,,,,1,2022-11-09,1,2022-11-09,
241020222,2141150,,034,B,35:03:01,44:03:01,,,,1,2022-11-09,1,2022-11-09,
241020222,2141150,,034,C,04:01:01,16:01:01,,,,1,2022-11-09,1,2022-11-09,
241020222,2141150,,034,DRB1,07:01:01,08:01:01,,,,1,2022-11-09,1,2022-11-09,
241020222,2141150,,034,DRB345,4*01:01:01,,,,,1,2022-11-09,1,2022-11-09,
241020222,2141150,,034,DQA1,02:01:01,04:01:01,,,,1,2022-11-09,1,2022-11-09,
241020222,2141150,,034,DQB1,02:02:01,04:02:01,,,,1,2022-11-09,1,2022-11-09,
241020222,2141150,,034,DPA1,01:03:01G,02:01:01G,,,,1,2022-11-09,1,2022-11-09,
241020222,2141150,,034,DPB1,11:01:01G,03:01:01G,,,,1,2022-11-09,1,2022-11-09,
241020222,2141181,,035,A,02:01:01,11:01:01,,,,1,2022-11-09,1,2022-11-09,
241020222,2141181,,035,B,44:02:01,52:01:01,,,,1,2022-11-09,1,2022-11-09,
241020222,2141181,,035,C,05:01:01,12:02:02,,,,1,2022-11-09,1,2022-11-09,
241020222,2141181,,035,DRB1,01:01:01,04:01:01,,,,1,2022-11-09,1,2022-11-09,
241020222,2141181,,035,DRB345,4*01:03:01,,,,,1,2022-11-09,1,2022-11-09,
241020222,2141181,,035,DQA1,01:01:01,03:03:01,,,,1,2022-11-09,1,2022-11-09,
241020222,2141181,,035,DQB1,03:01:01,05:01:01,,,,1,2022-11-09,1,2022-11-09,
241020222,2141181,,035,DPA1,01:03:01G,01:03:01G,,,,1,2022-11-09,1,2022-11-09,
241020222,2141181,,035,DPB1,03:01:01G,04:01:01G,,,,1,2022-11-09,1,2022-11-09,
241020222,2140500,,050,A,01:01:01,24:02:01,,,,1,2022-11-09,1,2022-11-09,
241020222,2140500,,050,B,51:01:01,57:01:01,,,,1,2022-11-09,1,2022-11-09,
241020222,2140500,,050,C,01:02:01,06:02:01,,,,1,2022-11-09,1,2022-11-09,
241020222,2140500,,050,DRB1,07:01:01,14:54:01,,,,1,2022-11-09,1,2022-11-09,
241020222,2140500,,050,DRB345,3*02:02:01,4*01:03:01N,,,,1,2022-11-09,1,2022-11-09,
241020222,2140500,,050,DQA1,01:04:01,02:01:01,,,,1,2022-11-09,1,2022-11-09,
241020222,2140500,,050,DQB1,03:03:02,05:03:01,,,,1,2022-11-09,1,2022-11-09,
241020222,2140500,,050,DPA1,01:03:01G,02:01:01G,,,,1,2022-11-09,1,2022-11-09,
241020222,2140500,,050,DPB1,04:01:01G,10:01:01G,,,,1,2022-11-09,1,2022-11-09,
